INSERT INTO Endereco (rua, bairro, cidade, estado) VALUES ('Av. Brasil, 1234', 'Centro', 'São Paulo', 'SP');
INSERT INTO Endereco (rua, bairro, cidade, estado) VALUES ('Rua das Flores, 500', 'Jardins', 'Rio de Janeiro', 'RJ');
INSERT INTO Endereco (rua, bairro, cidade, estado) VALUES ('Alameda dos Anjos, 101', 'Boa Viagem', 'Recife', 'PE');
INSERT INTO Endereco (rua, bairro, cidade, estado) VALUES ('Estrada do Sol, 99', 'Lago Sul', 'Brasília', 'DF');
INSERT INTO Endereco (rua, bairro, cidade, estado) VALUES ('Travessa da Lua, 20', 'Savassi', 'Belo Horizonte', 'MG');
INSERT INTO Endereco (rua, bairro, cidade, estado) VALUES ('Rua Sete de Setembro, 321', 'Moinhos de Vento', 'Porto Alegre', 'RS');
INSERT INTO Endereco (rua, bairro, cidade, estado) VALUES ('Avenida Atlântica, 777', 'Meireles', 'Fortaleza', 'CE');
INSERT INTO Endereco (rua, bairro, cidade, estado) VALUES ('Rua da Paz, 15', 'Caminho das Árvores', 'Salvador', 'BA');
INSERT INTO Endereco (rua, bairro, cidade, estado) VALUES ('Rua XV de Novembro, 456', 'Centro Cívico', 'Curitiba', 'PR');
INSERT INTO Endereco (rua, bairro, cidade, estado) VALUES ('Rua Getúlio Vargas, 888', 'Setor Oeste', 'Goiânia', 'GO');
INSERT INTO Endereco (rua, bairro, cidade, estado) VALUES ('Avenida Paulista, 100', 'Bela Vista', 'São Paulo', 'SP');
INSERT INTO Endereco (rua, bairro, cidade, estado) VALUES ('Rua Barão de Itamaracá, 55', 'Tijuca', 'Rio de Janeiro', 'RJ');

INSERT INTO Endereco (rua, bairro, cidade, estado) VALUES ('Rua das Acácias, 10', 'Campinas', 'Goiânia', 'GO');
INSERT INTO Endereco (rua, bairro, cidade, estado) VALUES ('Alameda Santos, 2000', 'Cerqueira César', 'São Paulo', 'SP');
INSERT INTO Endereco (rua, bairro, cidade, estado) VALUES ('Rua Voluntários da Pátria, 33', 'Botafogo', 'Rio de Janeiro', 'RJ');
INSERT INTO Endereco (rua, bairro, cidade, estado) VALUES ('Rua das Acácias, 100', 'Nova Iguaçu', 'Duque de Caxias', 'RJ');
INSERT INTO Endereco (rua, bairro, cidade, estado) VALUES ('Av. Litorânea, 300', 'Ponta Negra', 'Natal', 'RN');
INSERT INTO Endereco (rua, bairro, cidade, estado) VALUES ('Rua Gávea, 50', 'Jardim Paulista', 'São Paulo', 'SP');
INSERT INTO Endereco (rua, bairro, cidade, estado) VALUES ('Travessa da Misericórdia, 45', 'Pelourinho', 'Salvador', 'BA');
INSERT INTO Endereco (rua, bairro, cidade, estado) VALUES ('Estrada Real, 171', 'Funcionários', 'Belo Horizonte', 'MG');
INSERT INTO Endereco (rua, bairro, cidade, estado) VALUES ('Av. Beira Mar, 222', 'Centro', 'Florianópolis', 'SC');
INSERT INTO Endereco (rua, bairro, cidade, estado) VALUES ('Rua Tamoios, 789', 'Vila Velha', 'Campinas', 'SP');
INSERT INTO Endereco (rua, bairro, cidade, estado) VALUES ('Praça da Sé, 1', 'Sé', 'São Paulo', 'SP');
INSERT INTO Endereco (rua, bairro, cidade, estado) VALUES ('Rua do Ouvidor, 88', 'Centro Histórico', 'Rio de Janeiro', 'RJ');
INSERT INTO Endereco (rua, bairro, cidade, estado) VALUES ('Rua dos Imigrantes, 404', 'Setor Sul', 'Goiânia', 'GO');
INSERT INTO Endereco (rua, bairro, cidade, estado) VALUES ('Av. Afonso Pena, 1000', 'Cruzeiro', 'Belo Horizonte', 'MG');
INSERT INTO Endereco (rua, bairro, cidade, estado) VALUES ('Rua Quinze, 12', 'Aldeota', 'Fortaleza', 'CE');
INSERT INTO Endereco (rua, bairro, cidade, estado) VALUES ('Rua da Aurora, 60', 'Santo Antônio', 'Recife', 'PE');
INSERT INTO Endereco (rua, bairro, cidade, estado) VALUES ('Rua do Porto, 25', 'Centro', 'Santos', 'SP');
INSERT INTO Endereco (rua, bairro, cidade, estado) VALUES ('Av. Principal, 50', 'Lagoa', 'Porto Alegre', 'RS');



--Médicos

INSERT INTO Medico (nome, cpf, endereco_id) VALUES ('Dr. João Silva', '11122233344', 1);
INSERT INTO Medico (nome, cpf, endereco_id) VALUES ('Dra. Maria Oliveira', '22233344455', 2);
INSERT INTO Medico (nome, cpf, endereco_id) VALUES ('Dr. Pedro Souza', '33344455566', 3);
INSERT INTO Medico (nome, cpf, endereco_id) VALUES ('Dra. Ana Costa', '44455566677', 4);
INSERT INTO Medico (nome, cpf, endereco_id) VALUES ('Dr. Carlos Pereira', '55566677788', 5);
INSERT INTO Medico (nome, cpf, endereco_id) VALUES ('Dra. Sofia Mendes', '66677788899', 6);
INSERT INTO Medico (nome, cpf, endereco_id) VALUES ('Dr. Lucas Ferreira', '77788899900', 7);
INSERT INTO Medico (nome, cpf, endereco_id) VALUES ('Dra. Isabela Rocha', '88899900011', 8);
INSERT INTO Medico (nome, cpf, endereco_id) VALUES ('Dr. Mateus Almeida', '99900011122', 9);
INSERT INTO Medico (nome, cpf, endereco_id) VALUES ('Dra. Laura Gomes', '00011122233', 10);
INSERT INTO Medico (nome, cpf, endereco_id) VALUES ('Dr. Gabriel Santos', '10121231343', 11);
INSERT INTO Medico (nome, cpf, endereco_id) VALUES ('Dra. Juliana Martins', '20232342454', 12);
INSERT INTO Medico (nome, cpf, endereco_id) VALUES ('Dr. Ricardo Castro', '30343453565', 13);
INSERT INTO Medico (nome, cpf, endereco_id) VALUES ('Dra. Patricia Lima', '40454564676', 14);
INSERT INTO Medico (nome, cpf, endereco_id) VALUES ('Dr. Daniel Ribeiro', '50565675787', 15);



-- Especialidade

INSERT INTO Especialidade (nome) VALUES ('Cardiologia');
INSERT INTO Especialidade (nome) VALUES ('Dermatologia');
INSERT INTO Especialidade (nome) VALUES ('Ortopedia');
INSERT INTO Especialidade (nome) VALUES ('Pediatria');
INSERT INTO Especialidade (nome) VALUES ('Neurologia');
INSERT INTO Especialidade (nome) VALUES ('Oftalmologia');
INSERT INTO Especialidade (nome) VALUES ('Ginecologia');
INSERT INTO Especialidade (nome) VALUES ('Urologia');
INSERT INTO Especialidade (nome) VALUES ('Psiquiatria');
INSERT INTO Especialidade (nome) VALUES ('Endocrinologia');


-- Convenio

INSERT INTO Convenio (nome, valor) VALUES ('Plano Essencial', 250.00);
INSERT INTO Convenio (nome, valor) VALUES ('Master Saúde', 480.50);
INSERT INTO Convenio (nome, valor) VALUES ('Vida Total', 750.99);
INSERT INTO Convenio (nome, valor) VALUES ('Bem-Estar Família', 920.00);
INSERT INTO Convenio (nome, valor) VALUES ('Saúde Premium', 1150.75);
INSERT INTO Convenio (nome, valor) VALUES ('Convênio Popular', 185.00);
INSERT INTO Convenio (nome, valor) VALUES ('Rede Prata', 610.40);
INSERT INTO Convenio (nome, valor) VALUES ('Ouro Mais', 1530.25);
INSERT INTO Convenio (nome, valor) VALUES ('Plano Empresarial', 880.00);
INSERT INTO Convenio (nome, valor) VALUES ('Acesso Fácil', 399.90);

-- Paciente

INSERT INTO paciente (nome, cpf, data_nascimento, telefone, email, convenio_id, endereco_id) VALUES ('Alice Mendes', '60670786898', '1995-10-20', '(11) 98765-4321', 'alice@email.com', 1, 16);
INSERT INTO paciente (nome, cpf, data_nascimento, telefone, email, convenio_id, endereco_id) VALUES ('Bruno Rocha', '70780897909', '1988-05-15', '(21) 97654-3210', 'bruno@email.com', 2, 17);
INSERT INTO paciente (nome, cpf, data_nascimento, telefone, email, convenio_id, endereco_id) VALUES ('Cíntia Santos', '80890908010', '2001-01-25', '(31) 96543-2109', 'cintia@email.com', 3, 18);
INSERT INTO paciente (nome, cpf, data_nascimento, telefone, email, convenio_id, endereco_id) VALUES ('Diego Pires', '90901019121', '1976-11-30', '(41) 95432-1098', 'diego@email.com', 4, 19);
INSERT INTO paciente (nome, cpf, data_nascimento, telefone, email, convenio_id, endereco_id) VALUES ('Elena Costa', '01011120232', '1990-03-10', '(51) 94321-0987', 'elena@email.com', 5, 20);
INSERT INTO paciente (nome, cpf, data_nascimento, telefone, email, convenio_id, endereco_id) VALUES ('Felipe Alves', '12122231343', '2005-08-01', '(61) 93210-9876', 'felipe@email.com', 6, 21);
INSERT INTO paciente (nome, cpf, data_nascimento, telefone, email, convenio_id, endereco_id) VALUES ('Gabriela Lima', '23233342454', '1965-02-14', '(71) 92109-8765', 'gabriela@email.com', 7, 22);
INSERT INTO paciente (nome, cpf, data_nascimento, telefone, email, convenio_id, endereco_id) VALUES ('Henrique Souza', '34344453565', '1999-07-07', '(81) 91098-7654', 'henrique@email.com', 8, 23);
INSERT INTO paciente (nome, cpf, data_nascimento, telefone, email, convenio_id, endereco_id) VALUES ('Isadora Neta', '45455564676', '1982-12-12', '(91) 90987-6543', 'isadora@email.com', 9, 24);
INSERT INTO paciente (nome, cpf, data_nascimento, telefone, email, convenio_id, endereco_id) VALUES ('Jorge Mello', '56566675787', '1970-04-22', '(11) 99876-5432', 'jorge@email.com', 10, 25);
INSERT INTO paciente (nome, cpf, data_nascimento, telefone, email, convenio_id, endereco_id) VALUES ('Karen Vidal', '67677786898', '2003-09-05', '(21) 98765-4320', 'karen@email.com', 1, 26);
INSERT INTO paciente (nome, cpf, data_nascimento, telefone, email, convenio_id, endereco_id) VALUES ('Luiz Torres', '78788897909', '1985-06-18', '(31) 97654-3219', 'luiz@email.com', 2, 27);
INSERT INTO paciente (nome, cpf, data_nascimento, telefone, email, convenio_id, endereco_id) VALUES ('Mônica Dias', '89899908010', '1997-02-28', '(41) 96543-2108', 'monica@email.com', 3, 28);
INSERT INTO paciente (nome, cpf, data_nascimento, telefone, email, convenio_id, endereco_id) VALUES ('Nuno Barros', '90910119121', '1960-01-01', '(51) 95432-1097', 'nuno@email.com', 4, 29);
INSERT INTO paciente (nome, cpf, data_nascimento, telefone, email, convenio_id, endereco_id) VALUES ('Olívia Freitas', '01021220232', '1992-11-11', '(61) 94321-0986', 'olivia@email.com', 5, 30);


-- Consulta

INSERT INTO consulta (valor, data_hora_inicio, data_hora_fim, realizado, medico_id, paciente_id)
VALUES (420.00, '2025-11-15 11:00:00', '2025-11-15 11:30:00', TRUE, 1, 1);

INSERT INTO consulta (valor, data_hora_inicio, data_hora_fim, realizado, medico_id, paciente_id)
VALUES (350.00, '2025-11-16 11:00:00', '2025-11-16 11:30:00', TRUE, 2, 2);

INSERT INTO consulta (valor, data_hora_inicio, data_hora_fim, realizado, medico_id, paciente_id)
VALUES (295.00, '2025-11-17 11:00:00', '2025-11-17 11:30:00', TRUE, 3, 3);

INSERT INTO consulta (valor, data_hora_inicio, data_hora_fim, realizado, medico_id, paciente_id)
VALUES (315.00, '2025-11-18 11:00:00', '2025-11-18 11:30:00', TRUE, 4, 4);

INSERT INTO consulta (valor, data_hora_inicio, data_hora_fim, realizado, medico_id, paciente_id)
VALUES (440.00, '2025-11-19 11:00:00', '2025-11-19 11:30:00', TRUE, 5, 5);

INSERT INTO consulta (valor, data_hora_inicio, data_hora_fim, realizado, medico_id, paciente_id)
VALUES (370.00, '2025-11-20 11:00:00', '2025-11-20 11:30:00', TRUE, 6, 6);

INSERT INTO consulta (valor, data_hora_inicio, data_hora_fim, realizado, medico_id, paciente_id)
VALUES (325.00, '2025-11-21 11:00:00', '2025-11-21 11:30:00', TRUE, 7, 7);

INSERT INTO consulta (valor, data_hora_inicio, data_hora_fim, realizado, medico_id, paciente_id)
VALUES (380.00, '2025-11-22 11:00:00', '2025-11-22 11:30:00', FALSE, 8, 8);

INSERT INTO consulta (valor, data_hora_inicio, data_hora_fim, realizado, medico_id, paciente_id)
VALUES (405.00, '2025-11-23 11:00:00', '2025-11-23 11:30:00', TRUE, 9, 9);

INSERT INTO consulta (valor, data_hora_inicio, data_hora_fim, realizado, medico_id, paciente_id)
VALUES (265.00, '2025-11-24 11:00:00', '2025-11-24 11:30:00', TRUE, 10, 10);

INSERT INTO consulta (valor, data_hora_inicio, data_hora_fim, realizado, medico_id, paciente_id)
VALUES (345.00, '2025-11-25 11:00:00', '2025-11-25 11:30:00', TRUE, 11, 11);

INSERT INTO consulta (valor, data_hora_inicio, data_hora_fim, realizado, medico_id, paciente_id)
VALUES (360.00, '2025-11-26 11:00:00', '2025-11-26 11:30:00', TRUE, 12, 12);

INSERT INTO consulta (valor, data_hora_inicio, data_hora_fim, realizado, medico_id, paciente_id)
VALUES (480.00, '2025-11-27 11:00:00', '2025-11-27 11:30:00', FALSE, 13, 13);

INSERT INTO consulta (valor, data_hora_inicio, data_hora_fim, realizado, medico_id, paciente_id)
VALUES (285.00, '2025-11-28 11:00:00', '2025-11-28 11:30:00', TRUE, 14, 14);

INSERT INTO consulta (valor, data_hora_inicio, data_hora_fim, realizado, medico_id, paciente_id)
VALUES (410.00, '2025-11-29 11:00:00', '2025-11-29 11:30:00', TRUE, 15, 15);



-- Pagamento_Consulta


INSERT INTO pagamento_consulta (valor, data_hora, realizado, consulta_id)
VALUES (420.00, '2025-11-15 11:05:00', TRUE, 1);

INSERT INTO pagamento_consulta (valor, data_hora, realizado, consulta_id)
VALUES (350.00, '2025-11-16 11:15:00', TRUE, 2);

INSERT INTO pagamento_consulta (valor, data_hora, realizado, consulta_id)
VALUES (295.00, NULL, FALSE, 3);

INSERT INTO pagamento_consulta (valor, data_hora, realizado, consulta_id)
VALUES (315.00, '2025-11-18 10:50:00', TRUE, 4);

INSERT INTO pagamento_consulta (valor, data_hora, realizado, consulta_id)
VALUES (440.00, '2025-11-19 11:25:00', TRUE, 5);

INSERT INTO pagamento_consulta (valor, data_hora, realizado, consulta_id)
VALUES (370.00, '2025-11-20 11:00:00', TRUE, 6);

INSERT INTO pagamento_consulta (valor, data_hora, realizado, consulta_id)
VALUES (325.00, '2025-11-21 11:40:00', TRUE, 7);

INSERT INTO pagamento_consulta (valor, data_hora, realizado, consulta_id)
VALUES (380.00, NULL, FALSE, 8);

INSERT INTO pagamento_consulta (valor, data_hora, realizado, consulta_id)
VALUES (405.00, '2025-11-23 11:10:00', TRUE, 9);

INSERT INTO pagamento_consulta (valor, data_hora, realizado, consulta_id)
VALUES (265.00, '2025-11-24 11:50:00', TRUE, 10);

INSERT INTO pagamento_consulta (valor, data_hora, realizado, consulta_id)
VALUES (345.00, '2025-11-25 11:35:00', TRUE, 11);

INSERT INTO pagamento_consulta (valor, data_hora, realizado, consulta_id)
VALUES (360.00, '2025-11-26 11:45:00', TRUE, 12);

INSERT INTO pagamento_consulta (valor, data_hora, realizado, consulta_id)
VALUES (480.00, NULL, FALSE, 13);

INSERT INTO pagamento_consulta (valor, data_hora, realizado, consulta_id)
VALUES (285.00, '2025-11-28 11:55:00', TRUE, 14);

INSERT INTO pagamento_consulta (valor, data_hora, realizado, consulta_id)
VALUES (410.00, '2025-11-29 11:20:00', TRUE, 15);



-- Medico_Especialidade

INSERT INTO medico_especialidade (medico_id, especialidade_id) VALUES (1, 1);
INSERT INTO medico_especialidade (medico_id, especialidade_id) VALUES (2, 2);
INSERT INTO medico_especialidade (medico_id, especialidade_id) VALUES (3, 3);
INSERT INTO medico_especialidade (medico_id, especialidade_id) VALUES (4, 4);
INSERT INTO medico_especialidade (medico_id, especialidade_id) VALUES (4, 5);
INSERT INTO medico_especialidade (medico_id, especialidade_id) VALUES (5, 5);
INSERT INTO medico_especialidade (medico_id, especialidade_id) VALUES (6, 6);
INSERT INTO medico_especialidade (medico_id, especialidade_id) VALUES (7, 7);
INSERT INTO medico_especialidade (medico_id, especialidade_id) VALUES (8, 8);
INSERT INTO medico_especialidade (medico_id, especialidade_id) VALUES (8, 7);
INSERT INTO medico_especialidade (medico_id, especialidade_id) VALUES (9, 9);
INSERT INTO medico_especialidade (medico_id, especialidade_id) VALUES (10, 10);
INSERT INTO medico_especialidade (medico_id, especialidade_id) VALUES (10, 9);
INSERT INTO medico_especialidade (medico_id, especialidade_id) VALUES (11, 1);
INSERT INTO medico_especialidade (medico_id, especialidade_id) VALUES (11, 10);
INSERT INTO medico_especialidade (medico_id, especialidade_id) VALUES (12, 2);
INSERT INTO medico_especialidade (medico_id, especialidade_id) VALUES (12, 4);
INSERT INTO medico_especialidade (medico_id, especialidade_id) VALUES (13, 3);
INSERT INTO medico_especialidade (medico_id, especialidade_id) VALUES (13, 6);
INSERT INTO medico_especialidade (medico_id, especialidade_id) VALUES (14, 4);
INSERT INTO medico_especialidade (medico_id, especialidade_id) VALUES (14, 2);
INSERT INTO medico_especialidade (medico_id, especialidade_id) VALUES (15, 5);
INSERT INTO medico_especialidade (medico_id, especialidade_id) VALUES (15, 8);
